covariate,smd,abs_smd
black,2.4277468150409307,2.4277468150409307
re75,-1.7464280128479004,1.7464280128479004
re74,-1.568989634513855,1.568989634513855
marr,-1.2326475800510805,1.2326475800510805
nodegree,0.903811055230219,0.903811055230219
age,-0.7961833136032838,0.7961833136032838
educ,-0.6785020937631997,0.6785020937631997
hisp,-0.0506973051849916,0.0506973051849916
